"Label (Grouping)","Ohio!!Estimate","Ohio!!Margin of Error","Ohio!!Percent","Ohio!!Percent Margin of Error","Congressional District 1 (114th Congress), Ohio!!Estimate","Congressional District 1 (114th Congress), Ohio!!Margin of Error","Congressional District 1 (114th Congress), Ohio!!Percent","Congressional District 1 (114th Congress), Ohio!!Percent Margin of Error","Congressional District 2 (114th Congress), Ohio!!Estimate","Congressional District 2 (114th Congress), Ohio!!Margin of Error","Congressional District 2 (114th Congress), Ohio!!Percent","Congressional District 2 (114th Congress), Ohio!!Percent Margin of Error","Congressional District 3 (114th Congress), Ohio!!Estimate","Congressional District 3 (114th Congress), Ohio!!Margin of Error","Congressional District 3 (114th Congress), Ohio!!Percent","Congressional District 3 (114th Congress), Ohio!!Percent Margin of Error","Congressional District 4 (114th Congress), Ohio!!Estimate","Congressional District 4 (114th Congress), Ohio!!Margin of Error","Congressional District 4 (114th Congress), Ohio!!Percent","Congressional District 4 (114th Congress), Ohio!!Percent Margin of Error","Congressional District 5 (114th Congress), Ohio!!Estimate","Congressional District 5 (114th Congress), Ohio!!Margin of Error","Congressional District 5 (114th Congress), Ohio!!Percent","Congressional District 5 (114th Congress), Ohio!!Percent Margin of Error","Congressional District 6 (114th Congress), Ohio!!Estimate","Congressional District 6 (114th Congress), Ohio!!Margin of Error","Congressional District 6 (114th Congress), Ohio!!Percent","Congressional District 6 (114th Congress), Ohio!!Percent Margin of Error","Congressional District 7 (114th Congress), Ohio!!Estimate","Congressional District 7 (114th Congress), Ohio!!Margin of Error","Congressional District 7 (114th Congress), Ohio!!Percent","Congressional District 7 (114th Congress), Ohio!!Percent Margin of Error","Congressional District 8 (114th Congress), Ohio!!Estimate","Congressional District 8 (114th Congress), Ohio!!Margin of Error","Congressional District 8 (114th Congress), Ohio!!Percent","Congressional District 8 (114th Congress), Ohio!!Percent Margin of Error","Congressional District 9 (114th Congress), Ohio!!Estimate","Congressional District 9 (114th Congress), Ohio!!Margin of Error","Congressional District 9 (114th Congress), Ohio!!Percent","Congressional District 9 (114th Congress), Ohio!!Percent Margin of Error","Congressional District 10 (114th Congress), Ohio!!Estimate","Congressional District 10 (114th Congress), Ohio!!Margin of Error","Congressional District 10 (114th Congress), Ohio!!Percent","Congressional District 10 (114th Congress), Ohio!!Percent Margin of Error","Congressional District 11 (114th Congress), Ohio!!Estimate","Congressional District 11 (114th Congress), Ohio!!Margin of Error","Congressional District 11 (114th Congress), Ohio!!Percent","Congressional District 11 (114th Congress), Ohio!!Percent Margin of Error","Congressional District 12 (114th Congress), Ohio!!Estimate","Congressional District 12 (114th Congress), Ohio!!Margin of Error","Congressional District 12 (114th Congress), Ohio!!Percent","Congressional District 12 (114th Congress), Ohio!!Percent Margin of Error","Congressional District 13 (114th Congress), Ohio!!Estimate","Congressional District 13 (114th Congress), Ohio!!Margin of Error","Congressional District 13 (114th Congress), Ohio!!Percent","Congressional District 13 (114th Congress), Ohio!!Percent Margin of Error","Congressional District 14 (114th Congress), Ohio!!Estimate","Congressional District 14 (114th Congress), Ohio!!Margin of Error","Congressional District 14 (114th Congress), Ohio!!Percent","Congressional District 14 (114th Congress), Ohio!!Percent Margin of Error","Congressional District 15 (114th Congress), Ohio!!Estimate","Congressional District 15 (114th Congress), Ohio!!Margin of Error","Congressional District 15 (114th Congress), Ohio!!Percent","Congressional District 15 (114th Congress), Ohio!!Percent Margin of Error","Congressional District 16 (114th Congress), Ohio!!Estimate","Congressional District 16 (114th Congress), Ohio!!Margin of Error","Congressional District 16 (114th Congress), Ohio!!Percent","Congressional District 16 (114th Congress), Ohio!!Percent Margin of Error"
"SEX AND AGE","","","","","","","","","","","","","","","","","","","","","","","","","","","","","","","","","","","","","","","","","","","","","","","","","","","","","","","","","","","","","","","","","","","",""
"    Total population","11,594,163","*****","11,594,163","(X)","729,726","±7,518","729,726","(X)","724,587","±8,177","724,587","(X)","755,499","±10,498","755,499","(X)","709,882","±4,787","709,882","(X)","730,503","±6,281","730,503","(X)","713,457","±6,128","713,457","(X)","725,548","±9,451","725,548","(X)","722,889","±1,924","722,889","(X)","709,813","±10,559","709,813","(X)","720,794","±1,136","720,794","(X)","699,736","±10,369","699,736","(X)","755,978","±10,673","755,978","(X)","707,940","±9,208","707,940","(X)","722,474","±9,217","722,474","(X)","740,854","±10,252","740,854","(X)","724,483","±9,864","724,483","(X)"
"        Male","5,676,586","±4,591","49.0%","±0.1","357,532","±4,548","49.0%","±0.4","353,163","±5,105","48.7%","±0.5","363,532","±6,938","48.1%","±0.5","355,782","±3,549","50.1%","±0.4","357,236","±3,937","48.9%","±0.3","355,026","±3,997","49.8%","±0.3","356,739","±5,483","49.2%","±0.4","354,972","±1,812","49.1%","±0.2","344,134","±6,756","48.5%","±0.5","349,340","±1,401","48.5%","±0.2","328,896","±6,724","47.0%","±0.5","376,805","±7,203","49.8%","±0.5","343,703","±5,096","48.5%","±0.4","352,236","±5,573","48.8%","±0.4","375,170","±6,477","50.6%","±0.5","352,320","±5,987","48.6%","±0.5"
"        Female","5,917,577","±4,591","51.0%","±0.1","372,194","±5,226","51.0%","±0.4","371,424","±5,428","51.3%","±0.5","391,967","±5,902","51.9%","±0.5","354,100","±3,511","49.9%","±0.4","373,267","±3,870","51.1%","±0.3","358,431","±3,403","50.2%","±0.3","368,809","±5,900","50.8%","±0.4","367,917","±1,334","50.9%","±0.2","365,679","±6,320","51.5%","±0.5","371,454","±1,185","51.5%","±0.2","370,840","±5,881","53.0%","±0.5","379,173","±6,108","50.2%","±0.5","364,237","±5,751","51.5%","±0.4","370,238","±5,362","51.2%","±0.4","365,684","±6,116","49.4%","±0.5","372,163","±6,289","51.4%","±0.5"
"    Under 5 years","689,435","±2,442","5.9%","±0.1","48,115","±2,352","6.6%","±0.3","44,447","±2,495","6.1%","±0.3","57,509","±2,788","7.6%","±0.3","40,939","±1,730","5.8%","±0.2","40,418","±1,665","5.5%","±0.2","38,100","±1,551","5.3%","±0.2","42,785","±2,220","5.9%","±0.3","45,009","±737","6.2%","±0.1","43,843","±2,475","6.2%","±0.3","43,613","±391","6.1%","±0.1","44,961","±2,201","6.4%","±0.3","48,157","±2,782","6.4%","±0.3","36,323","±2,046","5.1%","±0.3","36,209","±2,207","5.0%","±0.3","40,663","±2,421","5.5%","±0.3","38,344","±2,665","5.3%","±0.4"
"    5 to 9 years","735,994","±11,352","6.3%","±0.1","49,203","±3,361","6.7%","±0.5","48,093","±2,710","6.6%","±0.4","55,350","±3,225","7.3%","±0.4","47,119","±2,228","6.6%","±0.3","46,037","±2,852","6.3%","±0.4","42,917","±2,689","6.0%","±0.4","47,647","±2,883","6.6%","±0.4","47,271","±2,270","6.5%","±0.3","47,539","±3,184","6.7%","±0.4","42,268","±1,965","5.9%","±0.3","40,446","±2,620","5.8%","±0.4","55,084","±3,551","7.3%","±0.4","40,090","±2,482","5.7%","±0.3","44,184","±2,984","6.1%","±0.4","41,191","±2,957","5.6%","±0.4","41,555","±2,981","5.7%","±0.4"
"    10 to 14 years","746,139","±11,575","6.4%","±0.1","51,193","±3,353","7.0%","±0.4","45,925","±2,946","6.3%","±0.4","46,279","±3,237","6.1%","±0.4","43,580","±2,584","6.1%","±0.4","49,925","±3,029","6.8%","±0.4","42,541","±2,674","6.0%","±0.4","47,554","±2,539","6.6%","±0.3","49,838","±2,176","6.9%","±0.3","42,265","±3,358","6.0%","±0.5","45,929","±2,009","6.4%","±0.3","44,149","±3,162","6.3%","±0.4","51,521","±3,067","6.8%","±0.4","42,048","±2,211","5.9%","±0.3","48,306","±3,070","6.7%","±0.4","49,411","±2,968","6.7%","±0.4","45,675","±2,837","6.3%","±0.4"
"    15 to 19 years","782,017","±4,297","6.7%","±0.1","52,949","±2,146","7.3%","±0.3","40,420","±2,201","5.6%","±0.3","54,373","±2,216","7.2%","±0.3","47,076","±1,764","6.6%","±0.2","53,483","±2,609","7.3%","±0.4","46,730","±2,224","6.5%","±0.3","49,169","±2,474","6.8%","±0.3","51,610","±1,228","7.1%","±0.2","47,758","±3,263","6.7%","±0.4","48,113","±931","6.7%","±0.1","48,742","±2,090","7.0%","±0.3","48,825","±2,496","6.5%","±0.3","46,523","±2,675","6.6%","±0.4","46,929","±2,243","6.5%","±0.3","52,576","±2,330","7.1%","±0.3","46,741","±3,097","6.5%","±0.4"
"    20 to 24 years","783,118","±4,978","6.8%","±0.1","49,849","±1,833","6.8%","±0.2","44,613","±2,315","6.2%","±0.3","61,674","±2,994","8.2%","±0.4","44,649","±1,599","6.3%","±0.2","52,275","±2,904","7.2%","±0.4","40,621","±2,043","5.7%","±0.3","47,362","±2,422","6.5%","±0.3","51,556","±1,321","7.1%","±0.2","50,048","±2,860","7.1%","±0.4","52,942","±910","7.3%","±0.1","53,859","±2,662","7.7%","±0.4","44,612","±2,746","5.9%","±0.3","54,091","±2,625","7.6%","±0.3","41,013","±2,290","5.7%","±0.3","52,139","±3,108","7.0%","±0.4","41,815","±2,375","5.8%","±0.3"
"    25 to 34 years","1,467,370","±5,423","12.7%","±0.1","97,146","±3,186","13.3%","±0.4","97,299","±3,748","13.4%","±0.5","138,577","±4,102","18.3%","±0.5","82,601","±2,005","11.6%","±0.3","83,896","±2,780","11.5%","±0.3","79,801","±2,212","11.2%","±0.3","80,647","±3,054","11.1%","±0.4","83,679","±1,742","11.6%","±0.2","96,635","±4,237","13.6%","±0.5","93,616","±1,501","13.0%","±0.2","93,926","±3,882","13.4%","±0.5","95,490","±4,159","12.6%","±0.5","89,235","±3,244","12.6%","±0.4","72,940","±3,069","10.1%","±0.4","98,916","±3,407","13.4%","±0.4","82,966","±3,693","11.5%","±0.5"
"    35 to 44 years","1,418,006","±4,419","12.2%","±0.1","89,608","±3,193","12.3%","±0.4","91,336","±3,288","12.6%","±0.4","98,725","±3,544","13.1%","±0.4","87,609","±2,471","12.3%","±0.3","86,110","±2,186","11.8%","±0.3","85,635","±2,380","12.0%","±0.3","82,474","±2,807","11.4%","±0.4","87,220","±1,566","12.1%","±0.2","90,184","±4,305","12.7%","±0.5","82,189","±1,281","11.4%","±0.2","80,424","±3,121","11.5%","±0.4","106,318","±3,242","14.1%","±0.4","80,594","±2,963","11.4%","±0.4","85,038","±3,055","11.8%","±0.4","99,264","±3,298","13.4%","±0.4","85,278","±3,457","11.8%","±0.5"
"    45 to 54 years","1,598,371","±4,124","13.8%","±0.1","103,267","±3,283","14.2%","±0.4","100,381","±3,005","13.9%","±0.4","92,782","±3,101","12.3%","±0.4","98,657","±2,009","13.9%","±0.3","99,467","±2,275","13.6%","±0.3","99,526","±1,995","13.9%","±0.3","102,496","±2,564","14.1%","±0.3","98,885","±1,296","13.7%","±0.2","96,937","±3,548","13.7%","±0.5","97,149","±1,105","13.5%","±0.2","89,102","±3,199","12.7%","±0.4","106,405","±3,319","14.1%","±0.4","93,526","±3,856","13.2%","±0.5","110,968","±3,348","15.4%","±0.4","105,453","±3,643","14.2%","±0.4","103,370","±4,378","14.3%","±0.6"
"    55 to 59 years","847,619","±8,530","7.3%","±0.1","47,937","±2,773","6.6%","±0.4","51,472","±2,544","7.1%","±0.4","42,326","±2,879","5.6%","±0.4","55,610","±2,480","7.8%","±0.4","54,534","±2,550","7.5%","±0.4","57,653","±2,473","8.1%","±0.4","51,821","±3,343","7.1%","±0.4","54,359","±2,269","7.5%","±0.3","51,834","±2,988","7.3%","±0.4","50,604","±2,437","7.0%","±0.3","51,645","±2,936","7.4%","±0.4","53,700","±3,059","7.1%","±0.4","54,271","±2,852","7.7%","±0.4","57,949","±2,874","8.0%","±0.4","50,567","±2,907","6.8%","±0.4","61,337","±2,994","8.5%","±0.4"
"    60 to 64 years","729,226","±9,038","6.3%","±0.1","43,699","±2,747","6.0%","±0.4","49,466","±2,644","6.8%","±0.4","35,667","±2,626","4.7%","±0.3","45,950","±2,233","6.5%","±0.3","48,566","±2,744","6.6%","±0.4","50,976","±2,644","7.1%","±0.4","48,428","±2,709","6.7%","±0.4","42,116","±2,320","5.8%","±0.3","39,938","±2,323","5.6%","±0.3","46,161","±2,448","6.4%","±0.3","46,738","±2,383","6.7%","±0.3","44,579","±2,952","5.9%","±0.4","46,000","±2,928","6.5%","±0.4","48,228","±2,300","6.7%","±0.3","44,714","±3,420","6.0%","±0.5","48,000","±2,692","6.6%","±0.4"
"    65 to 74 years","1,003,669","±2,230","8.7%","±0.1","53,103","±1,974","7.3%","±0.3","62,480","±2,371","8.6%","±0.3","42,899","±2,567","5.7%","±0.3","63,583","±1,457","9.0%","±0.2","65,592","±1,571","9.0%","±0.2","73,081","±1,520","10.2%","±0.2","71,192","±2,009","9.8%","±0.3","63,338","±756","8.8%","±0.1","55,681","±2,103","7.8%","±0.3","64,989","±834","9.0%","±0.1","55,726","±2,006","8.0%","±0.3","59,692","±2,442","7.9%","±0.3","66,765","±2,269","9.4%","±0.3","72,408","±2,349","10.0%","±0.3","61,784","±2,310","8.3%","±0.3","71,356","±2,661","9.8%","±0.4"
"    75 to 84 years","544,620","±6,907","4.7%","±0.1","30,368","±1,859","4.2%","±0.3","34,241","±1,591","4.7%","±0.2","20,494","±1,452","2.7%","±0.2","36,218","±2,015","5.1%","±0.3","33,445","±1,611","4.6%","±0.2","38,816","±2,094","5.4%","±0.3","37,345","±2,246","5.1%","±0.3","33,755","±1,476","4.7%","±0.2","31,697","±2,228","4.5%","±0.3","38,944","±1,441","5.4%","±0.2","32,664","±1,952","4.7%","±0.3","28,010","±1,735","3.7%","±0.2","37,392","±2,255","5.3%","±0.3","38,845","±2,578","5.4%","±0.4","33,077","±2,053","4.5%","±0.3","39,309","±2,552","5.4%","±0.4"
"    85 years and over","248,579","±6,605","2.1%","±0.1","13,289","±1,555","1.8%","±0.2","14,414","±1,552","2.0%","±0.2","8,844","±1,103","1.2%","±0.2","16,291","±1,556","2.3%","±0.2","16,755","±1,571","2.3%","±0.2","17,060","±1,697","2.4%","±0.2","16,628","±1,403","2.3%","±0.2","14,253","±1,372","2.0%","±0.2","15,454","±1,654","2.2%","±0.2","14,277","±1,273","2.0%","±0.2","17,354","±1,666","2.5%","±0.2","13,585","±1,651","1.8%","±0.2","21,082","±1,803","3.0%","±0.3","19,457","±1,712","2.7%","±0.2","11,099","±1,785","1.5%","±0.2","18,737","±1,737","2.6%","±0.2"
"    Median age (years)","39.4","±0.1","(X)","(X)","36.6","±0.6","(X)","(X)","39.4","±0.6","(X)","(X)","31.9","±0.4","(X)","(X)","40.9","±0.5","(X)","(X)","39.9","±0.5","(X)","(X)","43.1","±0.3","(X)","(X)","41.0","±0.6","(X)","(X)","38.8","±0.4","(X)","(X)","38.1","±0.7","(X)","(X)","39.4","±0.3","(X)","(X)","38.1","±0.6","(X)","(X)","38.3","±0.6","(X)","(X)","41.2","±0.7","(X)","(X)","43.8","±0.6","(X)","(X)","38.6","±0.5","(X)","(X)","42.9","±0.7","(X)","(X)"
"    18 years and over","8,958,523","±2,960","77.3%","±0.1","550,806","±5,800","75.5%","±0.4","558,798","±5,932","77.1%","±0.5","569,568","±7,845","75.4%","±0.5","550,276","±3,837","77.5%","±0.3","563,880","±4,936","77.2%","±0.4","560,380","±4,201","78.5%","±0.3","557,182","±6,899","76.8%","±0.4","550,359","±1,431","76.1%","±0.2","548,605","±7,559","77.3%","±0.6","561,472","±753","77.9%","±0.1","542,555","±7,801","77.5%","±0.5","570,256","±7,828","75.4%","±0.5","563,642","±7,117","79.6%","±0.5","562,779","±7,352","77.9%","±0.4","579,256","±7,458","78.2%","±0.4","568,709","±8,297","78.5%","±0.6"
"    21 years and over","8,474,781","±8,275","73.1%","±0.1","518,647","±5,718","71.1%","±0.6","538,077","±5,955","74.3%","±0.6","529,731","±8,060","70.1%","±0.5","522,563","±4,076","73.6%","±0.4","528,457","±4,858","72.3%","±0.4","534,266","±4,162","74.9%","±0.4","528,143","±6,750","72.8%","±0.5","517,756","±2,855","71.6%","±0.4","517,993","±7,695","73.0%","±0.7","527,992","±2,179","73.3%","±0.3","509,871","±7,843","72.9%","±0.6","541,634","±7,724","71.6%","±0.6","531,638","±6,907","75.1%","±0.5","538,905","±7,118","74.6%","±0.5","546,591","±7,065","73.8%","±0.5","542,517","±7,502","74.9%","±0.6"
"    62 years and over","2,215,015","±7,910","19.1%","±0.1","121,564","±3,528","16.7%","±0.5","139,622","±3,468","19.3%","±0.5","94,716","±4,111","12.5%","±0.5","141,040","±3,084","19.9%","±0.4","144,129","±3,129","19.7%","±0.4","157,491","±2,802","22.1%","±0.4","152,244","±3,772","21.0%","±0.5","135,433","±1,734","18.7%","±0.2","124,723","±3,929","17.6%","±0.6","145,300","±2,177","20.2%","±0.3","134,048","±3,734","19.2%","±0.5","128,286","±3,522","17.0%","±0.5","151,580","±3,911","21.4%","±0.6","157,169","±3,918","21.8%","±0.6","131,662","±4,371","17.8%","±0.6","156,008","±5,014","21.5%","±0.6"
"    65 years and over","1,796,868","±2,554","15.5%","±0.1","96,760","±2,672","13.3%","±0.4","111,135","±2,880","15.3%","±0.4","72,237","±2,876","9.6%","±0.4","116,092","±2,119","16.4%","±0.3","115,792","±2,086","15.9%","±0.3","128,957","±2,072","18.1%","±0.3","125,165","±3,062","17.3%","±0.4","111,346","±897","15.4%","±0.1","102,832","±3,176","14.5%","±0.5","118,210","±759","16.4%","±0.1","105,744","±3,302","15.1%","±0.4","101,287","±3,081","13.4%","±0.4","125,239","±3,253","17.7%","±0.4","130,710","±3,617","18.1%","±0.5","105,960","±2,964","14.3%","±0.4","129,402","±4,427","17.9%","±0.6"
"    18 years and over","8,958,523","±2,960","8,958,523","(X)","550,806","±5,800","550,806","(X)","558,798","±5,932","558,798","(X)","569,568","±7,845","569,568","(X)","550,276","±3,837","550,276","(X)","563,880","±4,936","563,880","(X)","560,380","±4,201","560,380","(X)","557,182","±6,899","557,182","(X)","550,359","±1,431","550,359","(X)","548,605","±7,559","548,605","(X)","561,472","±753","561,472","(X)","542,555","±7,801","542,555","(X)","570,256","±7,828","570,256","(X)","563,642","±7,117","563,642","(X)","562,779","±7,352","562,779","(X)","579,256","±7,458","579,256","(X)","568,709","±8,297","568,709","(X)"
"        Male","4,325,168","±3,550","48.3%","±0.1","264,647","±3,766","48.0%","±0.4","269,230","±4,019","48.2%","±0.4","270,515","±5,475","47.5%","±0.5","272,592","±2,699","49.5%","±0.3","273,504","±3,124","48.5%","±0.4","276,174","±2,722","49.3%","±0.3","271,519","±4,090","48.7%","±0.4","265,911","±1,202","48.3%","±0.2","260,784","±5,103","47.5%","±0.6","266,868","±825","47.5%","±0.1","248,999","±5,505","45.9%","±0.6","280,850","±4,923","49.2%","±0.5","269,295","±4,386","47.8%","±0.4","271,460","±4,364","48.2%","±0.4","290,473","±4,695","50.1%","±0.5","272,347","±4,922","47.9%","±0.5"
"        Female","4,633,355","±2,877","51.7%","±0.1","286,159","±3,636","52.0%","±0.4","289,568","±3,719","51.8%","±0.4","299,053","±4,381","52.5%","±0.5","277,684","±2,691","50.5%","±0.3","290,376","±3,224","51.5%","±0.4","284,206","±2,413","50.7%","±0.3","285,663","±4,196","51.3%","±0.4","284,448","±981","51.7%","±0.2","287,821","±4,519","52.5%","±0.6","294,604","±709","52.5%","±0.1","293,556","±4,665","54.1%","±0.6","289,406","±4,752","50.8%","±0.5","294,347","±4,167","52.2%","±0.4","291,319","±4,296","51.8%","±0.4","288,783","±4,437","49.9%","±0.5","296,362","±5,023","52.1%","±0.5"
"    65 years and over","1,796,868","±2,554","1,796,868","(X)","96,760","±2,672","96,760","(X)","111,135","±2,880","111,135","(X)","72,237","±2,876","72,237","(X)","116,092","±2,119","116,092","(X)","115,792","±2,086","115,792","(X)","128,957","±2,072","128,957","(X)","125,165","±3,062","125,165","(X)","111,346","±897","111,346","(X)","102,832","±3,176","102,832","(X)","118,210","±759","118,210","(X)","105,744","±3,302","105,744","(X)","101,287","±3,081","101,287","(X)","125,239","±3,253","125,239","(X)","130,710","±3,617","130,710","(X)","105,960","±2,964","105,960","(X)","129,402","±4,427","129,402","(X)"
"        Male","777,731","±1,666","43.3%","±0.1","41,991","±1,471","43.4%","±0.8","47,439","±1,613","42.7%","±0.8","29,267","±1,594","40.5%","±1.4","50,856","±1,243","43.8%","±0.6","50,005","±1,100","43.2%","±0.6","57,409","±1,155","44.5%","±0.6","56,575","±1,610","45.2%","±0.8","49,167","±402","44.2%","±0.3","43,158","±1,846","42.0%","±1.1","50,539","±358","42.8%","±0.2","41,772","±1,620","39.5%","±1.0","44,878","±1,549","44.3%","±1.0","52,955","±1,736","42.3%","±1.0","57,386","±1,982","43.9%","±0.8","47,563","±1,576","44.9%","±0.9","56,771","±2,084","43.9%","±0.9"
"        Female","1,019,137","±2,094","56.7%","±0.1","54,769","±1,620","56.6%","±0.8","63,696","±1,795","57.3%","±0.8","42,970","±1,904","59.5%","±1.4","65,236","±1,355","56.2%","±0.6","65,787","±1,414","56.8%","±0.6","71,548","±1,390","55.5%","±0.6","68,590","±2,104","54.8%","±0.8","62,179","±705","55.8%","±0.3","59,674","±2,054","58.0%","±1.1","67,671","±562","57.2%","±0.2","63,972","±2,323","60.5%","±1.0","56,409","±2,185","55.7%","±1.0","72,284","±2,319","57.7%","±1.0","73,324","±2,135","56.1%","±0.8","58,397","±1,972","55.1%","±0.9","72,631","±2,914","56.1%","±0.9"
"RACE","","","","","","","","","","","","","","","","","","","","","","","","","","","","","","","","","","","","","","","","","","","","","","","","","","","","","","","","","","","","","","","","","","","",""
"    Total population","11,594,163","*****","11,594,163","(X)","729,726","±7,518","729,726","(X)","724,587","±8,177","724,587","(X)","755,499","±10,498","755,499","(X)","709,882","±4,787","709,882","(X)","730,503","±6,281","730,503","(X)","713,457","±6,128","713,457","(X)","725,548","±9,451","725,548","(X)","722,889","±1,924","722,889","(X)","709,813","±10,559","709,813","(X)","720,794","±1,136","720,794","(X)","699,736","±10,369","699,736","(X)","755,978","±10,673","755,978","(X)","707,940","±9,208","707,940","(X)","722,474","±9,217","722,474","(X)","740,854","±10,252","740,854","(X)","724,483","±9,864","724,483","(X)"
"        One race","11,296,288","±10,298","97.4%","±0.1","713,576","±8,122","97.8%","±0.4","711,046","±8,544","98.1%","±0.3","719,659","±10,923","95.3%","±0.6","688,804","±5,386","97.0%","±0.4","715,503","±6,128","97.9%","±0.4","703,323","±5,873","98.6%","±0.3","707,839","±9,331","97.6%","±0.4","708,533","±2,750","98.0%","±0.3","674,913","±10,903","95.1%","±0.6","701,336","±3,148","97.3%","±0.4","681,872","±10,209","97.4%","±0.4","730,791","±10,506","96.7%","±0.4","690,350","±9,917","97.5%","±0.4","709,135","±9,083","98.2%","±0.3","725,180","±10,149","97.9%","±0.3","714,428","±9,766","98.6%","±0.2"
"        Two or more races","297,875","±10,298","2.6%","±0.1","16,150","±2,823","2.2%","±0.4","13,541","±2,283","1.9%","±0.3","35,840","±4,926","4.7%","±0.6","21,078","±2,781","3.0%","±0.4","15,000","±2,650","2.1%","±0.4","10,134","±1,828","1.4%","±0.3","17,709","±3,009","2.4%","±0.4","14,356","±2,112","2.0%","±0.3","34,900","±4,565","4.9%","±0.6","19,458","±2,844","2.7%","±0.4","17,864","±2,696","2.6%","±0.4","25,187","±3,094","3.3%","±0.4","17,590","±3,073","2.5%","±0.4","13,339","±2,410","1.8%","±0.3","15,674","±2,326","2.1%","±0.3","10,055","±1,808","1.4%","±0.2"
"    One race","11,296,288","±10,298","97.4%","±0.1","713,576","±8,122","97.8%","±0.4","711,046","±8,544","98.1%","±0.3","719,659","±10,923","95.3%","±0.6","688,804","±5,386","97.0%","±0.4","715,503","±6,128","97.9%","±0.4","703,323","±5,873","98.6%","±0.3","707,839","±9,331","97.6%","±0.4","708,533","±2,750","98.0%","±0.3","674,913","±10,903","95.1%","±0.6","701,336","±3,148","97.3%","±0.4","681,872","±10,209","97.4%","±0.4","730,791","±10,506","96.7%","±0.4","690,350","±9,917","97.5%","±0.4","709,135","±9,083","98.2%","±0.3","725,180","±10,149","97.9%","±0.3","714,428","±9,766","98.6%","±0.2"
"        White","9,522,264","±7,875","82.1%","±0.1","520,929","±6,513","71.4%","±0.7","632,706","±7,458","87.3%","±0.8","431,238","±10,641","57.1%","±0.9","636,815","±5,149","89.7%","±0.3","674,732","±5,278","92.4%","±0.5","680,310","±6,272","95.4%","±0.2","669,900","±8,690","92.3%","±0.5","641,380","±2,643","88.7%","±0.3","533,743","±11,456","75.2%","±1.0","555,234","±1,903","77.0%","±0.2","276,982","±9,617","39.6%","±0.9","670,849","±10,614","88.7%","±0.5","587,070","±8,856","82.9%","±0.7","660,841","±8,891","91.5%","±0.6","671,472","±9,727","90.6%","±0.6","678,063","±9,916","93.6%","±0.6"
"        Black or African American","1,419,214","±9,642","12.2%","±0.1","161,172","±5,675","22.1%","±0.7","61,531","±5,237","8.5%","±0.7","245,826","±6,495","32.5%","±0.9","36,412","±2,728","5.1%","±0.4","21,035","±2,789","2.9%","±0.4","17,145","±1,902","2.4%","±0.3","27,707","±2,550","3.8%","±0.3","45,578","±2,180","6.3%","±0.3","109,793","±5,425","15.5%","±0.8","124,013","±2,553","17.2%","±0.4","380,172","±6,161","54.3%","±1.1","29,447","±3,584","3.9%","±0.5","84,546","±4,405","11.9%","±0.6","29,419","±3,478","4.1%","±0.5","30,057","±3,542","4.1%","±0.5","15,361","±3,136","2.1%","±0.4"
"        American Indian and Alaska Native","22,761","±2,657","0.2%","±0.1","547","±324","0.1%","±0.1","1,074","±408","0.1%","±0.1","1,069","±483","0.1%","±0.1","1,845","±702","0.3%","±0.1","1,575","±563","0.2%","±0.1","777","±410","0.1%","±0.1","888","±566","0.1%","±0.1","1,882","±987","0.3%","±0.1","2,552","±1,366","0.4%","±0.2","1,953","±724","0.3%","±0.1","1,752","±670","0.3%","±0.1","445","±351","0.1%","±0.1","984","±656","0.1%","±0.1","1,249","±717","0.2%","±0.1","2,056","±765","0.3%","±0.1","2,113","±1,065","0.3%","±0.1"
"            Cherokee tribal grouping","5,034","±1,312","0.0%","±0.1","N","N","N","N","N","N","N","N","N","N","N","N","N","N","N","N","N","N","N","N","N","N","N","N","N","N","N","N","N","N","N","N","N","N","N","N","N","N","N","N","N","N","N","N","N","N","N","N","N","N","N","N","N","N","N","N","N","N","N","N","N","N","N","N"
"            Chippewa tribal grouping","784","±514","0.0%","±0.1","N","N","N","N","N","N","N","N","N","N","N","N","N","N","N","N","N","N","N","N","N","N","N","N","N","N","N","N","N","N","N","N","N","N","N","N","N","N","N","N","N","N","N","N","N","N","N","N","N","N","N","N","N","N","N","N","N","N","N","N","N","N","N","N"
"            Navajo tribal grouping","221","±242","0.0%","±0.1","N","N","N","N","N","N","N","N","N","N","N","N","N","N","N","N","N","N","N","N","N","N","N","N","N","N","N","N","N","N","N","N","N","N","N","N","N","N","N","N","N","N","N","N","N","N","N","N","N","N","N","N","N","N","N","N","N","N","N","N","N","N","N","N"
"            Sioux tribal grouping","904","±600","0.0%","±0.1","N","N","N","N","N","N","N","N","N","N","N","N","N","N","N","N","N","N","N","N","N","N","N","N","N","N","N","N","N","N","N","N","N","N","N","N","N","N","N","N","N","N","N","N","N","N","N","N","N","N","N","N","N","N","N","N","N","N","N","N","N","N","N","N"
"        Asian","225,438","±5,022","1.9%","±0.1","22,199","±2,050","3.0%","±0.3","10,100","±1,688","1.4%","±0.2","27,388","±2,722","3.6%","±0.4","6,124","±1,167","0.9%","±0.2","9,197","±1,369","1.3%","±0.2","3,660","±1,091","0.5%","±0.2","4,478","±1,324","0.6%","±0.2","13,204","±1,062","1.8%","±0.1","9,928","±2,288","1.4%","±0.3","15,870","±1,588","2.2%","±0.2","15,815","±2,429","2.3%","±0.3","25,852","±3,165","3.4%","±0.4","13,282","±2,482","1.9%","±0.3","14,685","±2,702","2.0%","±0.4","18,218","±2,662","2.5%","±0.4","15,438","±2,548","2.1%","±0.3"
"            Asian Indian","74,678","±5,701","0.6%","±0.1","10,288","±2,248","1.4%","±0.3","4,927","±1,583","0.7%","±0.2","7,122","±2,275","0.9%","±0.3","1,669","±1,064","0.2%","±0.2","2,907","±1,309","0.4%","±0.2","262","±213","0.0%","±0.1","1,019","±631","0.1%","±0.1","4,313","±1,585","0.6%","±0.2","1,497","±861","0.2%","±0.1","5,368","±1,336","0.7%","±0.2","5,497","±2,041","0.8%","±0.3","9,021","±1,860","1.2%","±0.2","2,132","±1,081","0.3%","±0.2","7,000","±2,304","1.0%","±0.3","5,215","±2,006","0.7%","±0.3","6,441","±1,691","0.9%","±0.2"
"            Chinese","55,819","±5,056","0.5%","±0.1","5,233","±1,796","0.7%","±0.2","2,337","±1,037","0.3%","±0.1","5,676","±1,405","0.8%","±0.2","1,269","±556","0.2%","±0.1","2,474","±997","0.3%","±0.1","1,598","±938","0.2%","±0.1","1,266","±1,124","0.2%","±0.2","3,238","±974","0.4%","±0.1","1,584","±964","0.2%","±0.1","3,678","±1,390","0.5%","±0.2","5,378","±1,446","0.8%","±0.2","6,438","±1,742","0.9%","±0.2","2,867","±1,101","0.4%","±0.2","4,136","±1,810","0.6%","±0.2","6,151","±1,703","0.8%","±0.2","2,496","±932","0.3%","±0.1"
"            Filipino","14,965","±2,473","0.1%","±0.1","1,568","±855","0.2%","±0.1","784","±809","0.1%","±0.1","1,385","±683","0.2%","±0.1","639","±408","0.1%","±0.1","682","±424","0.1%","±0.1","752","±457","0.1%","±0.1","830","±603","0.1%","±0.1","525","±362","0.1%","±0.1","961","±592","0.1%","±0.1","972","±509","0.1%","±0.1","489","±372","0.1%","±0.1","1,196","±583","0.2%","±0.1","256","±200","0.0%","±0.1","307","±242","0.0%","±0.1","1,846","±813","0.2%","±0.1","1,773","±880","0.2%","±0.1"
"            Japanese","11,134","±2,323","0.1%","±0.1","887","±658","0.1%","±0.1","95","±114","0.0%","±0.1","842","±520","0.1%","±0.1","624","±557","0.1%","±0.1","405","±484","0.1%","±0.1","77","±99","0.0%","±0.1","135","±148","0.0%","±0.1","845","±600","0.1%","±0.1","12","±32","0.0%","±0.1","552","±340","0.1%","±0.1","826","±643","0.1%","±0.1","1,753","±814","0.2%","±0.1","594","±396","0.1%","±0.1","832","±643","0.1%","±0.1","1,197","±493","0.2%","±0.1","1,458","±902","0.2%","±0.1"
"            Korean","14,240","±2,604","0.1%","±0.1","680","±440","0.1%","±0.1","405","±337","0.1%","±0.1","838","±458","0.1%","±0.1","1,193","±937","0.2%","±0.1","1,123","±754","0.2%","±0.1","393","±293","0.1%","±0.1","105","±131","0.0%","±0.1","422","±362","0.1%","±0.1","877","±618","0.1%","±0.1","907","±579","0.1%","±0.1","1,505","±706","0.2%","±0.1","2,816","±1,577","0.4%","±0.2","519","±394","0.1%","±0.1","845","±567","0.1%","±0.1","1,143","±641","0.2%","±0.1","469","±290","0.1%","±0.1"
"            Vietnamese","14,698","±2,839","0.1%","±0.1","1,078","±748","0.1%","±0.1","236","±316","0.0%","±0.1","2,402","±1,363","0.3%","±0.2","169","±283","0.0%","±0.1","147","±175","0.0%","±0.1","151","±192","0.0%","±0.1","161","±220","0.0%","±0.1","1,470","±818","0.2%","±0.1","2,150","±1,298","0.3%","±0.2","2,877","±1,238","0.4%","±0.2","161","±194","0.0%","±0.1","1,303","±827","0.2%","±0.1","938","±854","0.1%","±0.1","418","±427","0.1%","±0.1","415","±483","0.1%","±0.1","622","±558","0.1%","±0.1"
"            Other Asian","39,904","±5,596","0.3%","±0.1","2,465","±1,121","0.3%","±0.2","1,316","±828","0.2%","±0.1","9,123","±2,440","1.2%","±0.3","561","±476","0.1%","±0.1","1,459","±879","0.2%","±0.1","427","±447","0.1%","±0.1","962","±721","0.1%","±0.1","2,391","±1,784","0.3%","±0.2","2,847","±1,487","0.4%","±0.2","1,516","±816","0.2%","±0.1","1,959","±1,123","0.3%","±0.2","3,325","±1,952","0.4%","±0.3","5,976","±3,002","0.8%","±0.4","1,147","±641","0.2%","±0.1","2,251","±1,305","0.3%","±0.2","2,179","±1,586","0.3%","±0.2"
"        Native Hawaiian and Other Pacific Islander","3,223","±1,275","0.0%","±0.1","0","±185","0.0%","±0.1","549","±622","0.1%","±0.1","167","±165","0.0%","±0.1","123","±153","0.0%","±0.1","197","±188","0.0%","±0.1","32","±74","0.0%","±0.1","0","±185","0.0%","±0.1","465","±419","0.1%","±0.1","200","±239","0.0%","±0.1","130","±144","0.0%","±0.1","24","±39","0.0%","±0.1","696","±732","0.1%","±0.1","62","±105","0.0%","±0.1","256","±401","0.0%","±0.1","76","±133","0.0%","±0.1","246","±308","0.0%","±0.1"
"            Native Hawaiian","1,123","±584","0.0%","±0.1","N","N","N","N","N","N","N","N","N","N","N","N","N","N","N","N","N","N","N","N","N","N","N","N","N","N","N","N","N","N","N","N","N","N","N","N","N","N","N","N","N","N","N","N","N","N","N","N","N","N","N","N","N","N","N","N","N","N","N","N","N","N","N","N"
"            Guamanian or Chamorro","199","±191","0.0%","±0.1","N","N","N","N","N","N","N","N","N","N","N","N","N","N","N","N","N","N","N","N","N","N","N","N","N","N","N","N","N","N","N","N","N","N","N","N","N","N","N","N","N","N","N","N","N","N","N","N","N","N","N","N","N","N","N","N","N","N","N","N","N","N","N","N"
"            Samoan","290","±257","0.0%","±0.1","N","N","N","N","N","N","N","N","N","N","N","N","N","N","N","N","N","N","N","N","N","N","N","N","N","N","N","N","N","N","N","N","N","N","N","N","N","N","N","N","N","N","N","N","N","N","N","N","N","N","N","N","N","N","N","N","N","N","N","N","N","N","N","N"
"            Other Pacific Islander","1,611","±993","0.0%","±0.1","N","N","N","N","N","N","N","N","N","N","N","N","N","N","N","N","N","N","N","N","N","N","N","N","N","N","N","N","N","N","N","N","N","N","N","N","N","N","N","N","N","N","N","N","N","N","N","N","N","N","N","N","N","N","N","N","N","N","N","N","N","N","N","N"
"        Some other race","103,388","±7,629","0.9%","±0.1","8,729","±3,322","1.2%","±0.5","5,086","±2,552","0.7%","±0.4","13,971","±3,258","1.8%","±0.4","7,485","±1,420","1.1%","±0.2","8,767","±2,281","1.2%","±0.3","1,399","±744","0.2%","±0.1","4,866","±1,547","0.7%","±0.2","6,024","±1,988","0.8%","±0.3","18,697","±3,132","2.6%","±0.4","4,136","±1,429","0.6%","±0.2","7,127","±1,922","1.0%","±0.3","3,502","±1,400","0.5%","±0.2","4,406","±1,454","0.6%","±0.2","2,685","±1,153","0.4%","±0.2","3,301","±1,283","0.4%","±0.2","3,207","±1,575","0.4%","±0.2"
"    Two or more races","297,875","±10,298","2.6%","±0.1","16,150","±2,823","2.2%","±0.4","13,541","±2,283","1.9%","±0.3","35,840","±4,926","4.7%","±0.6","21,078","±2,781","3.0%","±0.4","15,000","±2,650","2.1%","±0.4","10,134","±1,828","1.4%","±0.3","17,709","±3,009","2.4%","±0.4","14,356","±2,112","2.0%","±0.3","34,900","±4,565","4.9%","±0.6","19,458","±2,844","2.7%","±0.4","17,864","±2,696","2.6%","±0.4","25,187","±3,094","3.3%","±0.4","17,590","±3,073","2.5%","±0.4","13,339","±2,410","1.8%","±0.3","15,674","±2,326","2.1%","±0.3","10,055","±1,808","1.4%","±0.2"
"        White and Black or African American","144,160","±8,251","1.2%","±0.1","6,063","±1,883","0.8%","±0.3","5,372","±1,774","0.7%","±0.2","18,418","±3,340","2.4%","±0.4","10,972","±2,462","1.5%","±0.3","7,056","±1,990","1.0%","±0.3","4,202","±1,150","0.6%","±0.2","10,583","±2,507","1.5%","±0.3","8,726","±1,569","1.2%","±0.2","16,314","±2,931","2.3%","±0.4","9,084","±2,111","1.3%","±0.3","8,012","±1,982","1.1%","±0.3","10,039","±2,320","1.3%","±0.3","12,008","±2,688","1.7%","±0.4","5,935","±1,662","0.8%","±0.2","7,438","±2,108","1.0%","±0.3","3,938","±1,234","0.5%","±0.2"
"        White and American Indian and Alaska Native","46,826","±3,316","0.4%","±0.1","2,812","±688","0.4%","±0.1","4,051","±856","0.6%","±0.1","4,406","±761","0.6%","±0.1","3,292","±759","0.5%","±0.1","2,165","±668","0.3%","±0.1","2,592","±798","0.4%","±0.1","3,608","±1,066","0.5%","±0.1","2,369","±460","0.3%","±0.1","3,565","±978","0.5%","±0.1","2,455","±695","0.3%","±0.1","1,187","±539","0.2%","±0.1","5,935","±2,181","0.8%","±0.3","1,400","±709","0.2%","±0.1","2,094","±641","0.3%","±0.1","3,475","±808","0.5%","±0.1","1,420","±726","0.2%","±0.1"
"        White and Asian","42,016","±4,233","0.4%","±0.1","2,939","±1,195","0.4%","±0.2","1,783","±691","0.2%","±0.1","3,159","±1,177","0.4%","±0.2","2,654","±1,126","0.4%","±0.2","1,354","±707","0.2%","±0.1","2,332","±917","0.3%","±0.1","1,687","±816","0.2%","±0.1","1,968","±875","0.3%","±0.1","2,066","±873","0.3%","±0.1","4,655","±1,328","0.6%","±0.2","3,069","±1,396","0.4%","±0.2","4,331","±1,323","0.6%","±0.2","1,197","±597","0.2%","±0.1","2,540","±955","0.4%","±0.1","2,779","±979","0.4%","±0.1","3,503","±1,106","0.5%","±0.2"
"        Black or African American and American Indian and Alaska Native","9,460","±1,933","0.1%","±0.1","259","±300","0.0%","±0.1","264","±201","0.0%","±0.1","2,935","±1,188","0.4%","±0.2","625","±573","0.1%","±0.1","100","±136","0.0%","±0.1","157","±126","0.0%","±0.1","96","±134","0.0%","±0.1","177","±208","0.0%","±0.1","832","±618","0.1%","±0.1","403","±296","0.1%","±0.1","1,754","±656","0.3%","±0.1","948","±488","0.1%","±0.1","391","±303","0.1%","±0.1","323","±359","0.0%","±0.1","101","±100","0.0%","±0.1","95","±112","0.0%","±0.1"
"    Race alone or in combination with one or more other races","","","","","","","","","","","","","","","","","","","","","","","","","","","","","","","","","","","","","","","","","","","","","","","","","","","","","","","","","","","","","","","","","","","",""
"        Total population","11,594,163","*****","11,594,163","(X)","729,726","±7,518","729,726","(X)","724,587","±8,177","724,587","(X)","755,499","±10,498","755,499","(X)","709,882","±4,787","709,882","(X)","730,503","±6,281","730,503","(X)","713,457","±6,128","713,457","(X)","725,548","±9,451","725,548","(X)","722,889","±1,924","722,889","(X)","709,813","±10,559","709,813","(X)","720,794","±1,136","720,794","(X)","699,736","±10,369","699,736","(X)","755,978","±10,673","755,978","(X)","707,940","±9,208","707,940","(X)","722,474","±9,217","722,474","(X)","740,854","±10,252","740,854","(X)","724,483","±9,864","724,483","(X)"
"            White","9,796,575","±11,664","84.5%","±0.1","534,853","±6,920","73.3%","±0.7","645,273","±7,354","89.1%","±0.7","462,778","±11,759","61.3%","±1.0","656,265","±5,617","92.4%","±0.4","688,963","±5,702","94.3%","±0.4","690,232","±6,957","96.7%","±0.3","687,126","±9,096","94.7%","±0.4","655,160","±3,305","90.6%","±0.4","566,417","±11,364","79.8%","±0.9","573,624","±3,380","79.6%","±0.5","291,442","±9,978","41.7%","±1.0","693,340","±11,160","91.7%","±0.5","603,665","±8,562","85.3%","±0.7","673,375","±9,110","93.2%","±0.6","686,435","±10,109","92.7%","±0.6","687,627","±9,996","94.9%","±0.6"
"            Black or African American","1,596,867","±5,507","13.8%","±0.1","169,800","±5,553","23.3%","±0.7","68,156","±5,466","9.4%","±0.7","271,588","±5,043","35.9%","±0.7","49,432","±2,485","7.0%","±0.4","29,059","±3,405","4.0%","±0.5","21,552","±1,639","3.0%","±0.2","39,493","±2,754","5.4%","±0.4","54,927","±1,388","7.6%","±0.2","130,639","±5,782","18.4%","±0.8","135,273","±1,179","18.8%","±0.2","392,310","±6,180","56.1%","±1.0","41,928","±4,038","5.5%","±0.5","97,976","±4,316","13.8%","±0.6","36,496","±3,741","5.1%","±0.5","38,795","±3,856","5.2%","±0.5","19,443","±3,515","2.7%","±0.5"
"            American Indian and Alaska Native","95,887","±5,602","0.8%","±0.1","4,671","±946","0.6%","±0.1","6,445","±1,144","0.9%","±0.2","12,100","±2,181","1.6%","±0.3","6,931","±1,359","1.0%","±0.2","4,428","±897","0.6%","±0.1","3,597","±923","0.5%","±0.1","5,298","±1,205","0.7%","±0.2","4,854","±1,026","0.7%","±0.1","8,875","±2,476","1.3%","±0.3","6,183","±889","0.9%","±0.1","5,766","±1,417","0.8%","±0.2","8,419","±2,253","1.1%","±0.3","3,794","±1,341","0.5%","±0.2","4,113","±1,246","0.6%","±0.2","6,521","±1,208","0.9%","±0.2","3,892","±1,310","0.5%","±0.2"
"            Asian","280,265","±2,978","2.4%","±0.1","26,361","±1,747","3.6%","±0.2","12,848","±1,858","1.8%","±0.3","31,827","±2,988","4.2%","±0.4","10,011","±1,532","1.4%","±0.2","11,307","±1,329","1.5%","±0.2","6,045","±1,576","0.8%","±0.2","6,755","±1,396","0.9%","±0.2","15,674","±410","2.2%","±0.1","13,061","±2,358","1.8%","±0.3","21,193","±1,002","2.9%","±0.1","19,558","±2,676","2.8%","±0.4","31,937","±3,067","4.2%","±0.4","15,302","±2,437","2.2%","±0.3","17,676","±2,760","2.4%","±0.4","21,373","±2,685","2.9%","±0.4","19,337","±2,811","2.7%","±0.4"
"            Native Hawaiian and Other Pacific Islander","10,172","±2,179","0.1%","±0.1","646","±438","0.1%","±0.1","1,219","±831","0.2%","±0.1","575","±332","0.1%","±0.1","904","±836","0.1%","±0.1","920","±681","0.1%","±0.1","N","N","N","N","N","N","N","N","661","±465","0.1%","±0.1","635","±541","0.1%","±0.1","1,104","±741","0.2%","±0.1","271","±190","0.0%","±0.1","1,150","±655","0.2%","±0.1","390","±279","0.1%","±0.1","N","N","N","N","198","±198","0.0%","±0.1","680","±442","0.1%","±0.1"
"            Some other race","134,957","±7,724","1.2%","±0.1","10,811","±3,429","1.5%","±0.5","5,560","±2,619","0.8%","±0.4","16,881","±3,689","2.2%","±0.5","9,070","±1,495","1.3%","±0.2","11,656","±2,525","1.6%","±0.3","1,871","±823","0.3%","±0.1","5,450","±1,617","0.8%","±0.2","6,574","±2,180","0.9%","±0.3","28,547","±3,749","4.0%","±0.5","5,191","±1,524","0.7%","±0.2","9,453","±2,219","1.4%","±0.3","5,742","±1,852","0.8%","±0.2","5,692","±1,713","0.8%","±0.2","4,481","±1,793","0.6%","±0.2","4,300","±1,401","0.6%","±0.2","3,678","±1,673","0.5%","±0.2"
"HISPANIC OR LATINO AND RACE","","","","","","","","","","","","","","","","","","","","","","","","","","","","","","","","","","","","","","","","","","","","","","","","","","","","","","","","","","","","","","","","","","","",""
"    Total population","11,594,163","*****","11,594,163","(X)","729,726","±7,518","729,726","(X)","724,587","±8,177","724,587","(X)","755,499","±10,498","755,499","(X)","709,882","±4,787","709,882","(X)","730,503","±6,281","730,503","(X)","713,457","±6,128","713,457","(X)","725,548","±9,451","725,548","(X)","722,889","±1,924","722,889","(X)","709,813","±10,559","709,813","(X)","720,794","±1,136","720,794","(X)","699,736","±10,369","699,736","(X)","755,978","±10,673","755,978","(X)","707,940","±9,208","707,940","(X)","722,474","±9,217","722,474","(X)","740,854","±10,252","740,854","(X)","724,483","±9,864","724,483","(X)"
"        Hispanic or Latino (of any race)","398,706","±1,832","3.4%","±0.1","20,884","±2,508","2.9%","±0.3","14,291","±2,659","2.0%","±0.4","46,815","±3,505","6.2%","±0.5","22,012","±1,943","3.1%","±0.3","34,783","±2,025","4.8%","±0.3","6,522","±933","0.9%","±0.1","16,765","±2,452","2.3%","±0.3","24,140","±514","3.3%","±0.1","77,984","±3,980","11.0%","±0.5","18,462","±369","2.6%","±0.1","25,679","±2,753","3.7%","±0.4","17,607","±3,002","2.3%","±0.4","21,820","±1,721","3.1%","±0.2","20,352","±1,605","2.8%","±0.2","14,668","±2,465","2.0%","±0.3","15,922","±2,901","2.2%","±0.4"
"            Mexican","190,835","±7,687","1.6%","±0.1","5,825","±1,648","0.8%","±0.2","6,693","±1,951","0.9%","±0.3","26,677","±4,175","3.5%","±0.5","14,047","±1,363","2.0%","±0.2","27,767","±2,392","3.8%","±0.3","3,286","±936","0.5%","±0.1","6,830","±1,481","0.9%","±0.2","13,904","±2,281","1.9%","±0.3","26,768","±2,741","3.8%","±0.4","11,738","±1,467","1.6%","±0.2","4,506","±1,335","0.6%","±0.2","7,939","±2,318","1.1%","±0.3","7,591","±1,633","1.1%","±0.2","11,931","±1,781","1.7%","±0.2","8,457","±2,198","1.1%","±0.3","6,876","±2,340","0.9%","±0.3"
"            Puerto Rican","108,174","±4,643","0.9%","±0.1","2,936","±1,530","0.4%","±0.2","1,967","±985","0.3%","±0.1","5,720","±2,093","0.8%","±0.3","4,400","±1,350","0.6%","±0.2","3,239","±1,261","0.4%","±0.2","964","±397","0.1%","±0.1","3,629","±1,171","0.5%","±0.2","2,213","±1,096","0.3%","±0.2","41,687","±3,946","5.9%","±0.5","2,772","±1,056","0.4%","±0.1","14,448","±2,345","2.1%","±0.3","2,559","±1,510","0.3%","±0.2","10,553","±1,556","1.5%","±0.2","4,605","±1,088","0.6%","±0.1","2,984","±1,205","0.4%","±0.2","3,498","±1,367","0.5%","±0.2"
"            Cuban","8,544","±1,867","0.1%","±0.1","619","±512","0.1%","±0.1","228","±273","0.0%","±0.1","834","±577","0.1%","±0.1","577","±308","0.1%","±0.1","80","±95","0.0%","±0.1","943","±717","0.1%","±0.1","126","±164","0.0%","±0.1","639","±651","0.1%","±0.1","569","±354","0.1%","±0.1","744","±455","0.1%","±0.1","803","±487","0.1%","±0.1","400","±407","0.1%","±0.1","794","±511","0.1%","±0.1","783","±502","0.1%","±0.1","42","±62","0.0%","±0.1","363","±298","0.1%","±0.1"
"            Other Hispanic or Latino","91,153","±7,638","0.8%","±0.1","11,504","±2,765","1.6%","±0.4","5,403","±1,838","0.7%","±0.3","13,584","±3,096","1.8%","±0.4","2,988","±1,051","0.4%","±0.1","3,697","±1,337","0.5%","±0.2","1,329","±700","0.2%","±0.1","6,180","±1,817","0.9%","±0.2","7,384","±1,677","1.0%","±0.2","8,960","±2,440","1.3%","±0.3","3,208","±1,026","0.4%","±0.1","5,922","±2,041","0.8%","±0.3","6,709","±2,504","0.9%","±0.3","2,882","±880","0.4%","±0.1","3,033","±1,249","0.4%","±0.2","3,185","±1,283","0.4%","±0.2","5,185","±1,608","0.7%","±0.2"
"        Not Hispanic or Latino","11,195,457","±1,832","96.6%","±0.1","708,842","±7,775","97.1%","±0.3","710,296","±8,621","98.0%","±0.4","708,684","±10,271","93.8%","±0.5","687,870","±5,080","96.9%","±0.3","695,720","±6,479","95.2%","±0.3","706,935","±6,071","99.1%","±0.1","708,783","±9,126","97.7%","±0.3","698,749","±1,911","96.7%","±0.1","631,829","±9,975","89.0%","±0.5","702,332","±1,288","97.4%","±0.1","674,057","±10,171","96.3%","±0.4","738,371","±10,277","97.7%","±0.4","686,120","±9,300","96.9%","±0.2","702,122","±8,761","97.2%","±0.2","726,186","±10,724","98.0%","±0.3","708,561","±10,138","97.8%","±0.4"
"            White alone","9,277,608","±2,747","80.0%","±0.1","509,096","±6,226","69.8%","±0.6","623,321","±7,594","86.0%","±0.7","403,868","±9,591","53.5%","±0.8","624,628","±5,258","88.0%","±0.3","653,365","±5,239","89.4%","±0.4","675,805","±6,099","94.7%","±0.2","659,238","±8,860","90.9%","±0.6","625,343","±1,949","86.5%","±0.1","492,328","±10,382","69.4%","±0.9","542,948","±1,081","75.3%","±0.1","263,736","±9,224","37.7%","±0.9","658,066","±9,963","87.0%","±0.6","572,489","±8,795","80.9%","±0.7","645,166","±8,302","89.3%","±0.6","661,118","±9,843","89.2%","±0.6","667,093","±9,870","92.1%","±0.6"
"            Black or African American alone","1,402,190","±9,075","12.1%","±0.1","161,073","±5,678","22.1%","±0.7","61,366","±5,185","8.5%","±0.7","242,884","±6,144","32.1%","±0.8","36,067","±2,757","5.1%","±0.4","20,492","±2,815","2.8%","±0.4","17,109","±1,896","2.4%","±0.3","27,354","±2,579","3.8%","±0.4","43,906","±1,748","6.1%","±0.2","105,744","±4,850","14.9%","±0.7","122,646","±2,369","17.0%","±0.3","377,533","±6,108","54.0%","±1.0","29,372","±3,576","3.9%","±0.5","82,716","±4,343","11.7%","±0.6","29,076","±3,459","4.0%","±0.5","29,826","±3,530","4.0%","±0.5","15,026","±3,043","2.1%","±0.4"
"            American Indian and Alaska Native alone","16,856","±1,806","0.1%","±0.1","386","±268","0.1%","±0.1","977","±384","0.1%","±0.1","1,004","±476","0.1%","±0.1","1,667","±632","0.2%","±0.1","1,379","±586","0.2%","±0.1","498","±275","0.1%","±0.1","659","±498","0.1%","±0.1","1,227","±575","0.2%","±0.1","850","±411","0.1%","±0.1","1,646","±691","0.2%","±0.1","1,075","±465","0.2%","±0.1","445","±351","0.1%","±0.1","894","±651","0.1%","±0.1","815","±553","0.1%","±0.1","1,356","±646","0.2%","±0.1","1,978","±1,051","0.3%","±0.1"
"            Asian alone","223,984","±4,862","1.9%","±0.1","22,149","±2,049","3.0%","±0.3","9,497","±1,634","1.3%","±0.2","27,316","±2,712","3.6%","±0.4","6,094","±1,168","0.9%","±0.2","9,164","±1,361","1.3%","±0.2","3,588","±1,075","0.5%","±0.2","4,478","±1,324","0.6%","±0.2","13,204","±1,062","1.8%","±0.1","9,805","±2,250","1.4%","±0.3","15,762","±1,563","2.2%","±0.2","15,815","±2,429","2.3%","±0.3","25,655","±3,174","3.4%","±0.4","13,282","±2,482","1.9%","±0.3","14,685","±2,702","2.0%","±0.4","18,129","±2,668","2.4%","±0.4","15,361","±2,547","2.1%","±0.3"
"            Native Hawaiian and Other Pacific Islander alone","3,026","±1,311","0.0%","±0.1","0","±185","0.0%","±0.1","463","±611","0.1%","±0.1","112","±134","0.0%","±0.1","123","±153","0.0%","±0.1","141","±152","0.0%","±0.1","32","±74","0.0%","±0.1","0","±185","0.0%","±0.1","465","±419","0.1%","±0.1","200","±239","0.0%","±0.1","130","±144","0.0%","±0.1","24","±39","0.0%","±0.1","696","±732","0.1%","±0.1","62","±105","0.0%","±0.1","256","±401","0.0%","±0.1","76","±133","0.0%","±0.1","246","±308","0.0%","±0.1"
"            Some other race alone","14,657","±2,849","0.1%","±0.1","2,006","±1,229","0.3%","±0.2","2,120","±1,673","0.3%","±0.2","1,001","±457","0.1%","±0.1","407","±265","0.1%","±0.1","822","±578","0.1%","±0.1","286","±256","0.0%","±0.1","804","±614","0.1%","±0.1","834","±959","0.1%","±0.1","1,016","±723","0.1%","±0.1","1,159","±568","0.2%","±0.1","894","±465","0.1%","±0.1","498","±635","0.1%","±0.1","784","±466","0.1%","±0.1","640","±384","0.1%","±0.1","1,013","±598","0.1%","±0.1","373","±267","0.1%","±0.1"
"            Two or more races","257,136","±9,822","2.2%","±0.1","14,132","±2,414","1.9%","±0.3","12,552","±2,099","1.7%","±0.3","32,499","±4,460","4.3%","±0.6","18,884","±2,524","2.7%","±0.4","10,357","±1,824","1.4%","±0.2","9,617","±1,691","1.3%","±0.2","16,250","±2,848","2.2%","±0.4","13,770","±2,094","1.9%","±0.3","21,886","±3,172","3.1%","±0.4","18,041","±2,756","2.5%","±0.4","14,980","±2,489","2.1%","±0.4","23,639","±2,832","3.1%","±0.4","15,893","±2,839","2.2%","±0.4","11,484","±2,176","1.6%","±0.3","14,668","±2,348","2.0%","±0.3","8,484","±1,538","1.2%","±0.2"
"                Two races including Some other race","6,878","±2,007","0.1%","±0.1","551","±406","0.1%","±0.1","318","±415","0.0%","±0.1","776","±813","0.1%","±0.1","299","±263","0.0%","±0.1","166","±243","0.0%","±0.1","123","±202","0.0%","±0.1","122","±169","0.0%","±0.1","440","±627","0.1%","±0.1","611","±579","0.1%","±0.1","208","±171","0.0%","±0.1","832","±624","0.1%","±0.1","1,176","±1,024","0.2%","±0.1","600","±520","0.1%","±0.1","189","±235","0.0%","±0.1","344","±458","0.0%","±0.1","123","±125","0.0%","±0.1"
"                Two races excluding Some other race, and Three or more races","250,258","±9,906","2.2%","±0.1","13,581","±2,333","1.9%","±0.3","12,234","±2,028","1.7%","±0.3","31,723","±4,393","4.2%","±0.6","18,585","±2,489","2.6%","±0.4","10,191","±1,778","1.4%","±0.2","9,494","±1,691","1.3%","±0.2","16,128","±2,878","2.2%","±0.4","13,330","±1,971","1.8%","±0.3","21,275","±3,110","3.0%","±0.4","17,833","±2,798","2.5%","±0.4","14,148","±2,386","2.0%","±0.3","22,463","±2,814","3.0%","±0.4","15,293","±2,775","2.2%","±0.4","11,295","±2,129","1.6%","±0.3","14,324","±2,316","1.9%","±0.3","8,361","±1,527","1.2%","±0.2"
"    Total housing units","5,147,282","±631","(X)","(X)","318,883","±3,068","(X)","(X)","325,455","±3,504","(X)","(X)","338,665","±3,878","(X)","(X)","308,515","±2,370","(X)","(X)","310,674","±3,149","(X)","(X)","322,005","±2,471","(X)","(X)","305,686","±3,387","(X)","(X)","301,411","±952","(X)","(X)","351,035","±5,281","(X)","(X)","334,060","±963","(X)","(X)","365,350","±5,201","(X)","(X)","307,084","±4,239","(X)","(X)","336,217","±3,717","(X)","(X)","309,442","±3,131","(X)","(X)","307,857","±3,619","(X)","(X)","304,943","±3,952","(X)","(X)"